tagId;lat;lon;locationX;locationY;location;locationCategory;Fell off;Re-Activated & deployed;Activated;Weight;Type;Got Time;Notes_x;MonitorLog.txt;Bag #;Transponder #;Mass Total;Mass Bag;Mass Bat;Sex;FA(mm);Age;Repro State;Tooth Wear;Testes Width;Testes Length;Bites;Guano;Notes_y;Transponder #.1;_merge
0010;;;;;;;;X;X;7.74 g;Tag;X;;TAG AROUND 30:83:98:D9:00:10: group: 0x12345678, id: 0010, 4285 mV, lastErrorId: 0, errorCnt: 0, mirroredCmdByte: 0x00, state: 4/A0/T0;H39;989001044396529.0;200.0;45.0;155.0;M;92.01;A;SCR;;18.44;18.24;Y;;;529.0;both
0018;;;;;;;;X;X;7.84 g;Tag;X;;TAG AROUND 30:83:98:D9:00:18: group: 0x12345678, id: 0018, 4250 mV, lastErrorId: 0, errorCnt: 0, mirroredCmdByte: 0x00, state: 4/A0/T0;E17;989001044396485.0;200.0;40.0;160.0;M;98.09;A;SCR;1.0;15.0;16.4;;;;485.0;both
0038;;;;;;;;X;X;7.76 g;Tag;X;;TAG AROUND 30:83:98:D9:00:38: group: 0x12345678, id: 0038, 4241 mV, lastErrorId: 0, errorCnt: 0, mirroredCmdByte: 0x00, state: 4/A0/T0;H2;989001044396539.0;200.0;40.0;160.0;M;95.77;A;SCR;;19.2;23.2;;Y;;539.0;both
0054;;;;;;;X;X;X;7.70 g;Tag;X;FALL OFF, FOUND @11:00 local time, 01.02.2023;TAG AROUND 30:83:98:D9:00:54: group: 0x12345678, id: 0054, 4229 mV, lastErrorId: 180, errorCnt: 1, mirroredCmdByte: 0x00, state: 4/A0/T0;S58;989001044396499.0;200.0;40.0;150.0;M;94.35;A;SCR;1.0;20.3;20.8;;;;499.0;both
0060;;;;;;;;X;X;7.76 g;Tag;X;FALL OFF, FOUND @11:00 local time, 01.02.2023;TAG AROUND 30:83:98:D9:00:60: group: 0x12345678, id: 0060, 4286 mV, lastErrorId: 0, errorCnt: 0, mirroredCmdByte: 0x00, state: 4/A0/T0;;;;;;;;;;;;;;;;;left_only
0080;;;;;;;;X;X;7.92 g;Tag;X;;TAG AROUND 30:83:98:D9:00:80: group: 0x12345678, id: 0080, 4351 mV, lastErrorId: 0, errorCnt: 0, mirroredCmdByte: 0x00, state: 4/A0/T0;H40;989001044396428.0;205.0;45.0;160.0;M;98.27;A;SCR;0.0;17.94;16.91;N;;;428.0;both
F7FC;;;;;;;;X;X;7.75 g;Tag;X;;TAG AROUND 30:83:98:D8:F7:FC: group: 0x12345678, id: F7FC, 4326 mV, lastErrorId: 0, errorCnt: 0, mirroredCmdByte: 0x00, state: 4/A0/T0;B42;989001044396410.0;207.0;45.0;162.0;M;94.72000000000001;A;SCR;;14.84;18.0;N;;;410.0;both
F80C;;;;;;;;X;X;7.79 g;Tag;X;;TAG AROUND 30:83:98:D8:F8:0C: group: 0x12345678, id: F80C, 4216 mV, lastErrorId: 0, errorCnt: 0, mirroredCmdByte: 0x00, state: 4/A0/T0;H47;989001044396378.0;205.0;45.0;160.0;M;96.08;A;SCR;0.0;16.55;17.09;N;;;378.0;both
F810;;;;;;;;X;X;7.69 g;Tag;X;;TAG AROUND 30:83:98:D8:F8:10: group: 0x12345678, id: F810, 4280 mV, lastErrorId: 0, errorCnt: 0, mirroredCmdByte: 0x00, state: 4/A0/T0;E3;989001044396470.0;215.0;40.0;175.0;M;93.29;A;SCR;;24.4;19.7;;;;470.0;both
F838;;;;;;;;X;X;7.56 g;Tag;X;;TAG AROUND 30:83:98:D8:F8:38: group: 0x12345678, id: F838, 4198 mV, lastErrorId: 0, errorCnt: 0, mirroredCmdByte: 0x00, state: 4/A0/T0;B27;989001044396547.0;195.0;45.0;150.0;M;97.11000000000001;A;SCR;;21.5;18.8;;;;547.0;both
F850;;;;;;;;X;X;7.67 g;Tag;X;;TAG AROUND 30:83:98:D8:F8:50: group: 0x12345678, id: F850, 4278 mV, lastErrorId: 0, errorCnt: 0, mirroredCmdByte: 0x00, state: 4/A0/T0;H31;989001044396556.0;190.0;40.0;160.0;M;97.73;A;SCR;;24.6;21.0;;;;556.0;both
F858;;;;;;;;X;X;7.82 g;Tag;X;;TAG AROUND 30:83:98:D8:F8:58: group: 0x12345678, id: F858, 4258 mV, lastErrorId: 0, errorCnt: 0, mirroredCmdByte: 0x00, state: 4/A0/T0;B58;989001044396510.0;205.0;40.0;115.0;F;94.36000000000001;A;PLAC;;;;;;;510.0;both
F85C;;;;;;;X;X;X;7.69 g;Tag;X;FALL OFF, FOUND @11:00 local time, 01.02.2023;TAG AROUND 30:83:98:D8:F8:5C: group: 0x12345678, id: F85C, 4231 mV, lastErrorId: 0, errorCnt: 0, mirroredCmdByte: 0x00, state: 4/A0/T0;H21;989001044396455.0;210.0;47.0;163.0;M;98.32;A;SCR;1.0;17.28;13.0;Y;;B0ld sp0t 0n head;455.0;both
F85C;;;;;;;X;X;X;7.69 g;Tag;X;FALL OFF, FOUND @11:00 local time, 01.02.2023;TAG AROUND 30:83:98:D8:F8:5C: group: 0x12345678, id: F85C, 4231 mV, lastErrorId: 0, errorCnt: 0, mirroredCmdByte: 0x00, state: 4/A0/T0;H26;989001044396436.0;203.0;45.0;158.0;M;93.58;A;SCR;1.0;16.77;21.65;N;;W0und 0n left wing tip;436.0;both
F860;;;;;;;;X;X;7.81 g;Tag;X;;TAG AROUND 30:83:98:D8:F8:60: group: 0x12345678, id: F860, 4242 mV, lastErrorId: 0, errorCnt: 0, mirroredCmdByte: 0x00, state: 4/A0/T0;E20;989001044396544.0;200.0;50.0;170.0;M;98.19;A;SCR;;26.5;19.4;;Y;;544.0;both
F868;;;;;;;;X;X;7.64 g;Tag;X;;TAG AROUND 30:83:98:D8:F8:68: group: 0x12345678, id: F868, 4276 mV, lastErrorId: 0, errorCnt: 0, mirroredCmdByte: 0x00, state: 4/A0/T0;S61;989001044396441.0;205.0;43.0;162.0;M;99.0;A;SCR;0.0;21.17;23.13;N;;;441.0;both
F884;;;;;;;;X;X;7.60 g;Tag;X;Unprotected;TAG AROUND 30:83:98:D8:F8:84: group: 0x12345678, id: F884, 4273 mV, lastErrorId: 0, errorCnt: 0, mirroredCmdByte: 0x00, state: 4/A0/T0;H46;989001044396507.0;200.0;45.0;155.0;M;97.83;A;SCR;;23.9;20.9;;;;507.0;both
F888;;;;;;;;X;X;7.61 g;Tag;X;;TAG AROUND 30:83:98:D8:F8:88: group: 0x12345678, id: F888, 4253 mV, lastErrorId: 0, errorCnt: 0, mirroredCmdByte: 0x00, state: 4/A0/T0;B2;989001044396490.0;215.0;50.0;165.0;M;94.17;A;SCR;1.0;19.6;18.5;;;;490.0;both
F8C0;;;;;;;;X;X;7.42 g;Tag;X;Unprotected;TAG AROUND 30:83:98:D8:F8:C0: group: 0x12345678, id: F8C0, 4158 mV, lastErrorId: 0, errorCnt: 0, mirroredCmdByte: 0x00, state: 4/A0/T0;H56;989001044396368.0;190.0;47.0;143.0;M;93.29;A;SCR;1.0;15.42;16.09;N;;;368.0;both
F918;;;;;;;;X;X;7.71 g;Tag;X;;TAG AROUND 30:83:98:D8:F9:18: group: 0x12345678, id: F918, 4283 mV, lastErrorId: 0, errorCnt: 0, mirroredCmdByte: 0x00, state: 4/A0/T0;H11;989001044396508.0;210.0;45.0;180.0;M;95.15;A;SCR;;29.1;26.1;;;;508.0;both
F928;;;;;;;;X;X;7.60 g;Tag;X;;TAG AROUND 30:83:98:D8:F9:28: group: 0x12345678, id: F928, 4300 mV, lastErrorId: 0, errorCnt: 0, mirroredCmdByte: 0x00, state: 4/A0/T0;E4;989001044396471.0;155.0;40.0;160.0;M;96.43;A;SCR;;21.0;23.2;;;;471.0;both
F940;;;;;;;;X;X;7.74 g;Tag;X;;TAG AROUND 30:83:98:D8:F9:40: group: 0x12345678, id: F940, 4231 mV, lastErrorId: 0, errorCnt: 0, mirroredCmdByte: 0x00, state: 4/A0/T0;B49;989001044396475.0;200.0;45.0;155.0;M;95.22000000000001;A;SCR;;23.0;19.0;;Y;;475.0;both
F944;;;;;;;;X;X;7.55 g;Tag;X;;TAG AROUND 30:83:98:D8:F9:44: group: 0x12345678, id: F944, 4201 mV, lastErrorId: 0, errorCnt: 0, mirroredCmdByte: 0x00, state: 4/A0/T0;B66;989001044396400.0;205.0;45.0;160.0;M;96.1;A;SCR;;14.81;18.14;N;;;400.0;both
F954;;;;;;;X;X;X;7.75 g;Tag;X;FALL OFF, FOUND @11:00 local time, 01.02.2023;TAG AROUND 30:83:98:D8:F9:54: group: 0x12345678, id: F954, 4238 mV, lastErrorId: 0, errorCnt: 0, mirroredCmdByte: 0x00, state: 4/A0/T0;E13;989001044396474.0;200.0;40.0;160.0;M;94.68;A;SCR;1.0;18.3;15.6;Y;;;474.0;both
F95C;;;;;;;;X;X;7.70 g;Tag;X;;TAG AROUND 30:83:98:D8:F9:5C: group: 0x12345678, id: F95C, 4231 mV, lastErrorId: 0, errorCnt: 0, mirroredCmdByte: 0x00, state: 4/A0/T0;;;;;;;;;;;;;;;;;left_only
F978;;;;;;;;X;X;7.86 g;Tag;X;;TAG AROUND 30:83:98:D8:F9:78: group: 0x12345678, id: F978, 4242 mV, lastErrorId: 0, errorCnt: 0, mirroredCmdByte: 0x00, state: 4/A0/T0;H38;989001044396401.0;205.0;45.0;160.0;M;96.98;A;SCR;0.0;16.54;14.87;Y;;;401.0;both
F980;;;;;;;;X;X;7.63 g;Tag;X;;TAG AROUND 30:83:98:D8:F9:80: group: 0x12345678, id: F980, 4238 mV, lastErrorId: 0, errorCnt: 0, mirroredCmdByte: 0x00, state: 4/A0/T0;S85;989001044396495.0;210.0;40.0;160.0;M;95.96;A;SCR;;20.3;19.5;;;;495.0;both
F9B4;;;;;;;;X;X;7.67 g;Tag;X;;TAG AROUND 30:83:98:D8:F9:B4: group: 0x12345678, id: F9B4, 4231 mV, lastErrorId: 0, errorCnt: 0, mirroredCmdByte: 0x00, state: 4/A0/T0;E8;989001044396382.0;170.0;42.0;128.0;F;94.36000000000001;A;PLAC;1.0;;;N;;;382.0;both
F9C0;;;;;;;;X;X;7.66 g;Tag;X;;TAG AROUND 30:83:98:D8:F9:C0: group: 0x12345678, id: F9C0, 4219 mV, lastErrorId: 0, errorCnt: 0, mirroredCmdByte: 0x00, state: 4/A0/T0;H41;989001044396389.0;205.0;45.0;160.0;M;95.74;A;SCR;1.0;15.87;16.12;N;;;389.0;both
F9D8;;;;;;;X;X;X;7.69 g;Tag;X;FALL OFF, FOUND @11:00 local time, 02.02.2023;TAG AROUND 30:83:98:D8:F9:D8: group: 0x12345678, id: F9D8, 4276 mV, lastErrorId: 0, errorCnt: 0, mirroredCmdByte: 0x00, state: 4/A0/T0;;;;;;;;;;;;;;;;;left_only
F9E8;;;;;;;;X;X;7.56 g;Tag;X;Unprotected;TAG AROUND 30:83:98:D8:F9:E8: group: 0x12345678, id: F9E8, 4251 mV, lastErrorId: 0, errorCnt: 0, mirroredCmdByte: 0x00, state: 4/A0/T0;H30;989001044396557.0;210.0;45.0;165.0;M;98.66;A;SCR;;18.8;20.3;;;;557.0;both
F9F4;;;;;;;;X;X;7.60 g;Tag;X;Unprotected;TAG AROUND 30:83:98:D8:F9:F4: group: 0x12345678, id: F9F4, 4255 mV, lastErrorId: 0, errorCnt: 0, mirroredCmdByte: 0x00, state: 4/A0/T0;H15;989001044396421.0;220.0;47.0;173.0;M;96.3;A;SCR;1.0;15.88;14.13;N;;;421.0;both
F9F8;;;;;;;;X;X;7.53 g;Tag;X;;TAG AROUND 30:83:98:D8:F9:F8: group: 0x12345678, id: F9F8, 4203 mV, lastErrorId: 0, errorCnt: 0, mirroredCmdByte: 0x00, state: 4/A0/T0;S49;989001044396537.0;200.0;40.0;160.0;M;94.01;A;SCR;;22.4;20.6;;Y;;537.0;both
FA08;;;;;;;;X;X;7.75 g;Tag;X;;TAG AROUND 30:83:98:D8:FA:08: group: 0x12345678, id: FA08, 4295 mV, lastErrorId: 0, errorCnt: 0, mirroredCmdByte: 0x00, state: 4/A0/T0;E21;989001044396440.0;208.0;42.0;166.0;M;95.51;A;SCR;1.0;18.78;15.56;N;;;440.0;both
FAA8;;;;;;;X;X;X;7.64 g;Tag;X;FALL OFF, FOUND @11:00 local time, 01.02.2023;TAG AROUND 30:83:98:D8:FA:A8: group: 0x12345678, id: FAA8, 4253 mV, lastErrorId: 0, errorCnt: 0, mirroredCmdByte: 0x00, state: 4/A0/T0;E25;989001044396527.0;200.0;40.0;160.0;M;99.2;A;SCR;;24.9;20.7;;;;527.0;both
FAAC;;;;;;;;X;X;7.62 g;Tag;X;;TAG AROUND 30:83:98:D8:FA:AC: group: 0x12345678, id: FAAC, 4260 mV, lastErrorId: 0, errorCnt: 0, mirroredCmdByte: 0x00, state: 4/A0/T0;S37;989001044396505.0;205.0;40.0;165.0;M;96.6;A;SCR;;20.2;17.6;;;;505.0;both
FAF0;;;;;;;X;X;X;7.68 g;Tag;X;FALL OFF, FOUND @15:00 local time, 30.01.2023;TAG AROUND 30:83:98:D8:FA:F0: group: 0x12345678, id: FAF0, 4267 mV, lastErrorId: 0, errorCnt: 0, mirroredCmdByte: 0x00, state: 4/A0/T0;S27;989001044396463.0;200.0;40.0;160.0;M;97.71;A;SCR;;19.9;19.7;;;;463.0;both
FB0C;;;;;;;;X;X;7.62 g;Tag;X;;TAG AROUND 30:83:98:D8:FB:0C: group: 0x12345678, id: FB0C, 4298 mV, lastErrorId: 0, errorCnt: 0, mirroredCmdByte: 0x00, state: 4/A0/T0;H33;989001044396402.0;208.0;48.0;160.0;M;99.53;A;SCR;0.0;16.84;15.03;N;;;402.0;both
FB70;;;;;;;;X;X;7.73 g;Tag;X;;TAG AROUND 30:83:98:D8:FB:70: group: 0x12345678, id: FB70, 4267 mV, lastErrorId: 0, errorCnt: 0, mirroredCmdByte: 0x00, state: 4/A0/T0;H7;989001044396377.0;200.0;47.0;153.0;M;94.37;A;SCR;0.0;15.19;18.8;N;;;377.0;both
FB98;;;;;;;;X;X;7.59 g;Tag;X;;TAG AROUND 30:83:98:D8:FB:98: group: 0x12345678, id: FB98, 4251 mV, lastErrorId: 0, errorCnt: 0, mirroredCmdByte: 0x00, state: 4/A0/T0;H44;989001044396405.0;195.0;45.0;150.0;M;96.1;A;SCR;1.0;18.65;20.52;N;;;405.0;both
FE60;;;;;;;;X;X;7.70 g;Tag;X;;TAG AROUND 30:83:98:D8:FE:60: group: 0x12345678, id: FE60, 4276 mV, lastErrorId: 176, errorCnt: 1, mirroredCmdByte: 0x00, state: 4/A0/T0;H32;989001044396554.0;225.0;45.0;180.0;M;95.95;A;SCR;2.0;22.8;20.3;;;;554.0;both
FE70;;;;;;;X;X;X;7.70 g;Tag;X;FALL OFF, FOUND @11:00 local time, 01.02.2023;TAG AROUND 30:83:98:D8:FE:70: group: 0x12345678, id: FE70, 4250 mV, lastErrorId: 0, errorCnt: 0, mirroredCmdByte: 0x00, state: 4/A0/T0;B40;989001044396555.0;200.0;45.0;155.0;M;95.35;A;SCR;;18.2;20.9;;;Scar 0n wing;555.0;both
FE74;;;;;;;;X;X;7.82 g;Tag;X;;TAG AROUND 30:83:98:D8:FE:74: group: 0x12345678, id: FE74, 4294 mV, lastErrorId: 0, errorCnt: 0, mirroredCmdByte: 0x00, state: 4/A0/T0;B15;989001044396533.0;210.0;40.0;170.0;M;95.78;A;SCR;;22.6;20.2;;;;533.0;both
FE80;;;;;;;;X;X;7.70 g;Tag;X;;TAG AROUND 30:83:98:D8:FE:80: group: 0x12345678, id: FE80, 4308 mV, lastErrorId: 0, errorCnt: 0, mirroredCmdByte: 0x00, state: 4/A0/T0;B38;989001044396511.0;225.0;45.0;180.0;M;99.35;A;SCR;0.0;22.5;20.8;;;;511.0;both
FEAC;;;;;;;X;X;X;7.67 g;Tag;X;FALL OFF, FOUND @11:00 local time, 02.02.2023;TAG AROUND 30:83:98:D8:FE:AC: group: 0x12345678, id: FEAC, 4225 mV, lastErrorId: 0, errorCnt: 0, mirroredCmdByte: 0x00, state: 4/A0/T0;BS1;989001044396390.0;212.0;45.0;167.0;M;95.48;A;SCR;;11.41;16.21;N;;;390.0;both
FECC;;;;;;;;X;X;7.57 g;Tag;X;;TAG AROUND 30:83:98:D8:FE:CC: group: 0x12345678, id: FECC, 4228 mV, lastErrorId: 0, errorCnt: 0, mirroredCmdByte: 0x00, state: 4/A0/T0;B73;989001044396519.0;210.0;45.0;165.0;M;96.3;A;SCR;;21.5;18.0;;;;519.0;both
FEFC;;;;;;;;X;X;7.63 g;Tag;X;Unprotected;TAG AROUND 30:83:98:D8:FE:FC: group: 0x12345678, id: FEFC, 4236 mV, lastErrorId: 183, errorCnt: 1, mirroredCmdByte: 0x00, state: 4/A0/T0;H3;989001044396447.0;195.0;47.0;148.0;M;93.96;A;SCR;1.0;16.52;15.72;N;;;447.0;both
FF1C;;;;;;;;X;X;7.85 g;Tag;X;;TAG AROUND 30:83:98:D8:FF:1C: group: 0x12345678, id: FF1C, 4254 mV, lastErrorId: 0, errorCnt: 0, mirroredCmdByte: 0x00, state: 4/A0/T0;H17;989001044396491.0;215.0;50.0;165.0;M;98.59;A;SCR;;20.42;25.34;Y;;;491.0;both
FF8C;;;;;;;;X;X;7.63 g;Tag;X;;TAG AROUND 30:83:98:D8:FF:8C: group: 0x12345678, id: FF8C, 4214 mV, lastErrorId: 180, errorCnt: 1, mirroredCmdByte: 0x00, state: 4/A0/T0;S70;989001044396466.0;200.0;40.0;160.0;M;98.35;A;SCR;;19.4;18.5;;;;466.0;both
FF98;;;;;;;;X;X;7.65 g;Tag;X;;TAG AROUND 30:83:98:D8:FF:98: group: 0x12345678, id: FF98, 4258 mV, lastErrorId: 0, errorCnt: 0, mirroredCmdByte: 0x00, state: 4/A0/T0;H14;989001044396445.0;205.0;48.0;157.0;M;93.6;A;SCR;0.0;18.41;16.98;N;;;445.0;both
FFCC;;;;;;;;X;X;7.67 g;Tag;X;;TAG AROUND 30:83:98:D8:FF:CC: group: 0x12345678, id: FFCC, 4260 mV, lastErrorId: 0, errorCnt: 0, mirroredCmdByte: 0x00, state: 4/A0/T0;S30;989001044396396.0;210.0;40.0;170.0;M;96.46;A;SCR;;17.74;17.68;N;Y;;396.0;both
FFD4;;;;;;;X;X;X;7.69 g;Tag;X;FALL OFF, FOUND @11:00 local time, 01.02.2023;TAG AROUND 30:83:98:D8:FF:D4: group: 0x12345678, id: FFD4, 4242 mV, lastErrorId: 0, errorCnt: 0, mirroredCmdByte: 0x00, state: 4/A0/T0;B72;989001044396452.0;200.0;45.0;155.0;M;96.02;A;SCR;;16.54;19.15;N;;;452.0;both
FFD8;;;;;;;;X;X;7.65 g;Tag;X;;TAG AROUND 30:83:98:D8:FF:D8: group: 0x12345678, id: FFD8, 4285 mV, lastErrorId: 0, errorCnt: 0, mirroredCmdByte: 0x00, state: 4/A0/T0;B30;989001044396497.0;200.0;40.0;150.0;F;96.8;A;PLAC;0.0;;;;;;497.0;both
FFFF;;;;;;;;X;X;7.68 g;Tag;X;;TAG AROUND 30:83:98:D9:00:00: group: 0x12345678, id: FFFF, 4208 mV, lastErrorId: 12, errorCnt: 1, mirroredCmdByte: 0x00, state: 4/A0/T0;H43;989001044396552.0;180.0;40.0;140.0;M;94.19;A;SCR;0.0;19.6;14.4;;;;552.0;both
0008;;;;;;;;X;X;7.67 g;Tag;X;;TAG AROUND 30:83:98:D9:00:08: group: 0x12345678, id: 0008, 4225 mV, lastErrorId: 0, errorCnt: 0, mirroredCmdByte: 0x00, state: 4/A0/T0;E16;989001044396450.0;195.0;45.0;150.0;M;94.09;A;SCR;0.0;15.94;19.03;N;;;450.0;both
0024;;;;;;;;X;X;7.59 g;Tag;X;;TAG AROUND 30:83:98:D9:00:24: group: 0x12345678, id: 0024, 4295 mV, lastErrorId: 0, errorCnt: 0, mirroredCmdByte: 0x00, state: 4/A0/T0;S1;989001044396407.0;212.0;42.0;170.0;M;96.82;A;SCR;1.0;15.69;15.54;Y;;;407.0;both
0028;;;;;;;;X;X;7.71 g;Tag;X;;TAG AROUND 30:83:98:D9:00:28: group: 0x12345678, id: 0028, 4220 mV, lastErrorId: 0, errorCnt: 0, mirroredCmdByte: 0x00, state: 4/A0/T0;S21;989001044396399.0;205.0;40.0;165.0;M;98.17;A;SCR;;16.28;19.78;Y;;t0rn ear;399.0;both
0030;;;;;;;;X;X;7.64 g;Tag;X;;TAG AROUND 30:83:98:D9:00:30: group: 0x12345678, id: 0030, 4300 mV, lastErrorId: 0, errorCnt: 0, mirroredCmdByte: 0x00, state: 4/A0/T0;S36;989001044396451.0;202.0;43.0;159.0;M;97.17;A;SCR;0.0;17.61;14.79;N;;;451.0;both
003C;;;;;;;;X;X;7.67 g;Tag;X;;TAG AROUND 30:83:98:D9:00:3C: group: 0x12345678, id: 003C, 4258 mV, lastErrorId: 0, errorCnt: 0, mirroredCmdByte: 0x00, state: 4/A0/T0;H48;989001044396365.0;210.0;45.0;165.0;M;92.37;A;SCR;1.0;16.41;18.12;N;;;365.0;both
007C;;;;;;;X;X;X;7.60 g;Tag;X;FALL OFF, FOUND @15:00 local time, 30.01.2023;TAG AROUND 30:83:98:D9:00:7C: group: 0x12345678, id: 007C, 4242 mV, lastErrorId: 0, errorCnt: 0, mirroredCmdByte: 0x00, state: 4/A0/T0;H24;989001044396465.0;220.0;45.0;175.0;M;98.37;A;SCR;;20.1;19.1;;;;465.0;both
F808;;;;;;;;X;X;7.73 g;Tag;X;;TAG AROUND 30:83:98:D8:F8:08: group: 0x12345678, id: F808, 4213 mV, lastErrorId: 0, errorCnt: 0, mirroredCmdByte: 0x00, state: 4/A0/T0;H37;989001044396411.0;210.0;45.0;165.0;M;93.61000000000001;A;SCR;0.0;18.63;18.32;N;;;411.0;both
F834;;;;;;;;X;X;7.75 g;Tag;X;;TAG AROUND 30:83:98:D8:F8:34: group: 0x12345678, id: F834, 4292 mV, lastErrorId: 0, errorCnt: 0, mirroredCmdByte: 0x00, state: 4/A0/T0;S10;989001044396548.0;205.0;40.0;165.0;M;97.23;A;SCR;;21.3;20.2;;;;548.0;both
F840;;;;;;;;X;X;7.62 g;Tag;X;;TAG AROUND 30:83:98:D8:F8:40: group: 0x12345678, id: F840, 4261 mV, lastErrorId: 0, errorCnt: 0, mirroredCmdByte: 0x00, state: 4/A0/T0;B79;989001044396409.0;215.0;50.0;165.0;M;95.85;A;SCR;0.0;18.44;16.27;N;;;409.0;both
F848;;;;;;;X;X;X;7.62 g;Tag;X;FALL OFF, FOUND @11:00 local time, 02.02.2023;TAG AROUND 30:83:98:D8:F8:48: group: 0x12345678, id: F848, 4275 mV, lastErrorId: 0, errorCnt: 0, mirroredCmdByte: 0x00, state: 4/A0/T0;H45;989001044396479.0;210.0;45.0;165.0;M;99.37;A;SCR;;25.7;19.8;;;;479.0;both
F870;;;;;;;;X;X;7.68 g;Tag;X;;TAG AROUND 30:83:98:D8:F8:70: group: 0x12345678, id: F870, 4186 mV, lastErrorId: 0, errorCnt: 0, mirroredCmdByte: 0x00, state: 4/A0/T0;S24;989001044396414.0;200.0;40.0;160.0;M;94.68;A;SCR;;15.97;16.62;N;;;414.0;both
F88C;;;;;;;X;X;X;7.62 g;Tag;X;FALL OFF, FOUND @11:00 local time, 03.02.2023;TAG AROUND 30:83:98:D8:F8:8C: group: 0x12345678, id: F88C, 4223 mV, lastErrorId: 0, errorCnt: 0, mirroredCmdByte: 0x00, state: 4/A0/T0;E7;989001044396468.0;215.0;45.0;170.0;M;96.41;A;SCR;;18.5;19.0;;Y;;468.0;both
F8A0;;;;;;;;X;X;7.60 g;Tag;X;;TAG AROUND 30:83:98:D8:F8:A0: group: 0x12345678, id: F8A0, 4266 mV, lastErrorId: 0, errorCnt: 0, mirroredCmdByte: 0x00, state: 4/A0/T0;;;;;;;;;;;;;;;;;left_only
F8AC;;;;;;;;X;X;7.69 g;Tag;X;;TAG AROUND 30:83:98:D8:F8:AC: group: 0x12345678, id: F8AC, 4273 mV, lastErrorId: 0, errorCnt: 0, mirroredCmdByte: 0x00, state: 4/A0/T0;B72;989001044396427.0;210.0;50.0;160.0;M;96.93;A;SCR;;18.67;20.16;N;;;427.0;both
F8EC;;;;;;;;X;X;7.57 g;Tag;X;;TAG AROUND 30:83:98:D8:F8:EC: group: 0x12345678, id: F8EC, 4261 mV, lastErrorId: 0, errorCnt: 0, mirroredCmdByte: 0x00, state: 4/A0/T0;H8;989001044396560.0;200.0;45.0;155.0;M;96.65;A;SCR;;21.6;19.6;;;;560.0;both
F900;;;;;;;;X;X;7.76 g;Tag;X;;TAG AROUND 30:83:98:D8:F9:00: group: 0x12345678, id: F900, 4266 mV, lastErrorId: 0, errorCnt: 0, mirroredCmdByte: 0x00, state: 4/A0/T0;P8;989001044396476.0;200.0;40.0;160.0;M;96.81;A;SCR;1.0;24.7;22.4;;Y;;476.0;both
F93C;;;;;;;;X;X;7.58 g;Tag;X;;TAG AROUND 30:83:98:D8:F9:3C: group: 0x12345678, id: F93C, 4210 mV, lastErrorId: 0, errorCnt: 0, mirroredCmdByte: 0x00, state: 4/A0/T0;H42;989001044396481.0;190.0;45.0;145.0;M;92.86000000000001;A;SCR;;20.25;19.6;;;;481.0;both
F948;;;;;;;;X;X;8.00 g;Tag;X;;TAG AROUND 30:83:98:D8:F9:48: group: 0x12345678, id: F948, 4266 mV, lastErrorId: 0, errorCnt: 0, mirroredCmdByte: 0x00, state: 4/A0/T0;E19;989001044396404.0;207.0;40.0;167.0;M;96.72000000000001;A;SCR;1.0;17.63;15.43;Y;Y;;404.0;both
F974;;;;;;;;X;X;7.70 g;Tag;X;;TAG AROUND 30:83:98:D8:F9:74: group: 0x12345678, id: F974, 4251 mV, lastErrorId: 0, errorCnt: 0, mirroredCmdByte: 0x00, state: 4/A0/T0;S55;989001044396558.0;190.0;40.0;150.0;M;98.76;A;SCR;;18.8;19.1;;;;558.0;both
F98C;;;;;;;X;X;X;7.63 g;Tag;X;FALL OFF, FOUND @11:00 local time, 02.02.2023;TAG AROUND 30:83:98:D8:F9:8C: group: 0x12345678, id: F98C, 4220 mV, lastErrorId: 0, errorCnt: 0, mirroredCmdByte: 0x00, state: 4/A0/T0;S43;989001044396521.0;200.0;35.0;165.0;M;98.82;A;SCR;;19.5;20.3;;;;521.0;both
F998;;;;;;;;X;X;7.78 g;Tag;X;;TAG AROUND 30:83:98:D8:F9:98: group: 0x12345678, id: F998, 4225 mV, lastErrorId: 0, errorCnt: 0, mirroredCmdByte: 0x00, state: 4/A0/T0;H25;989001044396530.0;210.0;40.0;170.0;M;98.94;A;SCR;;18.7;20.9;;;;530.0;both
F9B8;;;;;;;;X;X;7.73 g;Tag;X;;TAG AROUND 30:83:98:D8:F9:B8: group: 0x12345678, id: F9B8, 4204 mV, lastErrorId: 0, errorCnt: 0, mirroredCmdByte: 0x00, state: 4/A0/T0;S81;989001044396473.0;210.0;35.0;175.0;M;95.95;A;SCR;;22.15;24.5;;;;473.0;both
F9CC;;;;;;;;X;X;7.58 g;Tag;X;;TAG AROUND 30:83:98:D8:F9:CC: group: 0x12345678, id: F9CC, 4311 mV, lastErrorId: 177, errorCnt: 1, mirroredCmdByte: 0x00, state: 4/A0/T0;B25;989001044396498.0;200.0;40.0;170.0;M;96.94;A;SCR;;17.4;17.3;;;;498.0;both
F9F0;;;;;;;;X;X;7.69 g;Tag;X;;TAG AROUND 30:83:98:D8:F9:F0: group: 0x12345678, id: F9F0, 4244 mV, lastErrorId: 0, errorCnt: 0, mirroredCmdByte: 0x00, state: 4/A0/T0;B8;989001044396435.0;220.0;47.0;173.0;M;99.4;A;SCR;;17.62;17.41;N;;;435.0;both
FA18;;;;;;;X;X;X;7.71 g;Tag;X;FALL OFF, FOUND @11:00 local time, 01.02.2023;TAG AROUND 30:83:98:D8:FA:18: group: 0x12345678, id: FA18, 4260 mV, lastErrorId: 0, errorCnt: 0, mirroredCmdByte: 0x00, state: 4/A0/T0;E15;989001044396496.0;190.0;40.0;160.0;M;97.32;A;SCR;;23.0;20.0;;;;496.0;both
FA6C;;;;;;;;X;X;7.72 g;Tag;X;;TAG AROUND 30:83:98:D8:FA:6C: group: 0x12345678, id: FA6C, 4258 mV, lastErrorId: 0, errorCnt: 0, mirroredCmdByte: 0x00, state: 4/A0/T0;H23;989001044396376.0;205.0;45.0;160.0;M;93.2;A;SCR;1.0;18.98;17.71;N;;;376.0;both
FA78;;;;;;;;X;X;7.55 g;Tag;X;;TAG AROUND 30:83:98:D8:FA:78: group: 0x12345678, id: FA78, 4225 mV, lastErrorId: 0, errorCnt: 0, mirroredCmdByte: 0x00, state: 4/A0/T0;S73;989001044396442.0;205.0;40.0;165.0;M;95.64;A;SCR;;14.83;17.16;N;;;442.0;both
FA8C;;;;;;;X;X;X;7.66 g;Tag;X;FALL OFF, FOUND @11:00 local time, 03.02.2023;TAG AROUND 30:83:98:D8:FA:8C: group: 0x12345678, id: FA8C, 4211 mV, lastErrorId: 0, errorCnt: 0, mirroredCmdByte: 0x00, state: 4/A0/T0;H1;989001044396546.0;200.0;45.0;155.0;M;95.58;A;SCR;;18.46;19.27;;;;546.0;both
FA9C;;;;;;;X;X;X;7.73 g;Tag;X;FALL OFF, FOUND @15:00 local time, 30.01.2023;TAG AROUND 30:83:98:D8:FA:9C: group: 0x12345678, id: FA9C, 4276 mV, lastErrorId: 0, errorCnt: 0, mirroredCmdByte: 0x00, state: 4/A0/T0;S23;989001044396542.0;190.0;40.0;150.0;M;93.04;A;SCR;;21.3;18.7;;;;542.0;both
FAE8;;;;;;;X;X;X;7.72 g;Tag;X;FALL OFF, FOUND @11:00 local time, 03.02.2023;TAG AROUND 30:83:98:D8:FA:E8: group: 0x12345678, id: FAE8, 4316 mV, lastErrorId: 0, errorCnt: 0, mirroredCmdByte: 0x00, state: 4/A0/T0;H22;989001044396545.0;230.0;45.0;185.0;M;96.98;A;SCR;0.0;24.0;29.1;;;;545.0;both
FB18;;;;;;;;X;X;7.76 g;Tag;X;;TAG AROUND 30:83:98:D8:FB:18: group: 0x12345678, id: FB18, 4267 mV, lastErrorId: 0, errorCnt: 0, mirroredCmdByte: 0x00, state: 4/A0/T0;H49;989001044396547.0;200.0;45.0;155.0;M;95.52;A;SCR;2.0;19.39;15.81;N;;w0und 0n f0rth finger;547.0;both
FB1C;;;;;;;;X;X;7.57 g;Tag;X;;TAG AROUND 30:83:98:D8:FB:1C: group: 0x12345678, id: FB1C, 4238 mV, lastErrorId: 0, errorCnt: 0, mirroredCmdByte: 0x00, state: 4/A0/T0;H9;989001044396512.0;230.0;45.0;185.0;M;96.68;A;SCR;;23.2;19.0;;;;512.0;both
FB28;;;;;;;X;X;X;7.63 g;Tag;X;Unprotected, FALL OFF, FOUND @11:00 local time, 01.02.2023;TAG AROUND 30:83:98:D8:FB:28: group: 0x12345678, id: FB28, 4253 mV, lastErrorId: 0, errorCnt: 0, mirroredCmdByte: 0x00, state: 4/A0/T0;B53;989001044396501.0;200.0;40.0;160.0;M;95.32;A;SCR;1.0;20.5;18.7;;;;501.0;both
FB78;;;;;;;X;X;X;7.83 g;Tag;X;FALL OFF, FOUND @11:00 local time, 01.02.2023;TAG AROUND 30:83:98:D8:FB:78: group: 0x12345678, id: FB78, 4307 mV, lastErrorId: 0, errorCnt: 0, mirroredCmdByte: 0x00, state: 4/A0/T0;S48;989001044396433.0;200.0;40.0;160.0;M;93.94;A;SCR;1.0;18.36;20.02;N;;;433.0;both
FE9C;;;;;;;;X;X;7.64 g;Tag;X;;TAG AROUND 30:83:98:D8:FE:9C: group: 0x12345678, id: FE9C, 4241 mV, lastErrorId: 0, errorCnt: 0, mirroredCmdByte: 0x00, state: 4/A0/T0;B52;989001044396467.0;190.0;40.0;150.0;F;99.04;A;PLAC;;;;;;;467.0;both
FF2C;;;;;;;X;X;X;7.63 g;Tag;X;FALL OFF, FOUND @11:00 local time, 01.02.2023;TAG AROUND 30:83:98:D8:FF:2C: group: 0x12345678, id: FF2C, 4241 mV, lastErrorId: 0, errorCnt: 0, mirroredCmdByte: 0x00, state: 4/A0/T0;B44;989001044396489.0;190.0;50.0;140.0;M;91.46;A;SCR;;18.2;17.9;;;;489.0;both
FFBC;;;;;;;;X;X;7.62 g;Tag;X;;TAG AROUND 30:83:98:D8:FF:BC: group: 0x12345678, id: FFBC, 4214 mV, lastErrorId: 0, errorCnt: 0, mirroredCmdByte: 0x00, state: 4/A0/T0;E23;989001044396403.0;195.0;43.0;152.0;M;94.95;A;SCR;1.0;17.11;14.14;N;;;403.0;both
FFC8;;;;;;;;X;X;7.77 g;Tag;X;;TAG AROUND 30:83:98:D8:FF:C8: group: 0x12345678, id: FFC8, 4303 mV, lastErrorId: 0, errorCnt: 0, mirroredCmdByte: 0x00, state: 4/A0/T0;B26;989001044396504.0;210.0;50.0;150.0;M;93.8;A;SCR;0.0;25.0;19.8;;;;504.0;both
FF60;;;;;;;;X;X;7.56 g;Tag;X;okay, reshrink;NOT IN LIST;E24;989001044396514.0;200.0;40.0;160.0;M;91.83;A;SCR;;18.23;14.55;;;;514.0;both
F86C;;;;;;;;X;X;7.59 g;Tag;X;okay, reshrink;NOT IN LIST;E22;989001044396488.0;170.0;40.0;130.0;F;94.46;A;PLAC;;;;;;;488.0;both
F994;;;;;;;;X;X;7.56 g;Tag;X;okay, reshrink;NOT IN LIST;S42;989001044396374.0;200.0;40.0;160.0;M;94.86000000000001;A;SCR;;17.23;18.93;N;;;374.0;both
FAD8;;;;;;;;X;X;7.66 g;Tag;X;okay, reshrink;NOT IN LIST;E5;989001044396531.0;200.0;40.0;160.0;M;96.27;A;SCR;;25.3;19.1;;;;531.0;both
FE8C;;;;;;;X;X;X;7.65 g;Tag;X;okay, reshrink, FALL OFF, FOUND @11:00 local time, 01.02.2023;NOT IN LIST;S14;989001044396517.0;190.0;35.0;155.0;M;94.94;A;SCR;;20.6;18.9;;;;517.0;both
FFF4;;;;;;;;X;X;7.75 g;Tag;X;okay, reshrink;NOT IN LIST;B22;989001044396380.0;205.0;48.0;157.0;M;97.15;A;SCR;1.0;18.02;18.64;N;Y;small w0und 0n face;380.0;both
FEBC;;;;;;;;X;X;7.65 g;Tag;X;okay, reshrink;NOT IN LIST;H13;989001044396550.0;200.0;40.0;160.0;M;95.26;A;SCR;0.0;21.9;19.2;;;;550.0;both
FED0;;;;;;;;X;X;7.71 g;Tag;X;okay, reshrink;NOT IN LIST;H19;989001044396532.0;190.0;40.0;150.0;M;94.69;A;SCR;;18.2;18.8;;;;532.0;both
FB68;;;;;;;;;X;7.60 g;Tag Car;X;Unprotected, on car roof!!!;TAG AROUND 30:83:98:D8:FB:68: group: 0x12345678, id: FB68, 4280 mV, lastErrorId: 0, errorCnt: 0, mirroredCmdByte: 0x00, state: 4/A0/T0;;;;;;;;;;;;;;;;;left_only
F898;;;;;;;;;;;Tag;NOT;Not there;NOT IN LIST;;;;;;;;;;;;;;;;;left_only
FEC0;;;;;;;;;;;Tag;NOT;Duplicate;-;;;;;;;;;;;;;;;;;left_only
FEC0;;;;;;;;;;;Tag;NOT;Duplicate;-;;;;;;;;;;;;;;;;;left_only
FB88;;;;;;;;;;;Tag;NOT;Duplicate;-;;;;;;;;;;;;;;;;;left_only
FB88;;;;;;;;;;;Tag;NOT;Duplicate;-;;;;;;;;;;;;;;;;;left_only
0058;;;;;;;;;;;Tag;NOT;Blew up;-;;;;;;;;;;;;;;;;;left_only
E18C;;;;;Cluster4;Outside;;;;;Gateway NB;;Changed to Gateway;gw E18C sd placed at 22:10 local, 27.1. (34.86567, 32.35894);;;;;;;;;;;;;;;;;left_only
F83C;;;;;2ndCave;;;;;;Gateway NB;;Changed to Gateway;"gw F83C sd placed by Georg at second cave, 29.1., 13:05 (34°39'23.8""N 32°43'10.7""E)";;;;;;;;;;;;;;;;;left_only
DDF4;;;;;;;;;;;Gateway NB;;Changed to Gateway;;;;;;;;;;;;;;;;;;left_only
DEC8;;;;;Cluster6;Outside;;;;;Gateway NB;;Changed to Gateway;gw DEC8 sd placed 22:33 local, 27.1. (34.86688, 32.37211);;;;;;;;;;;;;;;;;left_only
5F48;34.870723;32.350076;9.2;0.0;InCave;InCave;;;;;Gateway NB;;;;;;;;;;;;;;;;;;;;left_only
F854;34.870723;32.350076;9.2;29.1;InCave;InCave;;;;;Gateway NB;;;;;;;;;;;;;;;;;;;;left_only
5FE8;34.870723;32.350076;0.0;28.0;InCave;InCave;;;;;Gateway NB;;;;;;;;;;;;;;;;;;;;left_only
F57C;34.870723;32.350076;0.0;0.0;InCave;InCave;;;;;Gateway NB;;;;;;;;;;;;;;;;;;;;left_only
E444;34.870723;32.350076;0.0;15.2;InCave;InCave;;;;;Gateway NB;;;;;;;;;;;;;;;;;;;;left_only
2BF0;34.870723;32.350076;9.2;14.0;InCave;InCave;;;;;Gateway NB;;;;;;;;;;;;;;;;;;;;left_only
DE28;34.871275;32.350237;;;OutsideCave;Outside;;;;;Gateway Data;;Gateway on ledge next to road overlooking cave;;;;;;;;;;;;;;;;;;left_only
F6A8;34.870723;32.350076;5.5;19.0;InCave;InCave;;;;;Gateway Data;;;;;;;;;;;;;;;;;;;;left_only
E39C;34.870723;32.350076;5.5;19.0;InCave;InCave;;;;;Gateway Data;;;;;;;;;;;;;;;;;;;;left_only
E4C0;34.870723;32.350076;5.5;9.0;InCave;InCave;;;;;Gateway Data;;;;;;;;;;;;;;;;;;;;left_only
F630;34.870723;32.350076;5.5;9.0;InCave;InCave;;;;;Gateway Data;;;;;;;;;;;;;;;;;;;;left_only
2AEC;34.870723;32.350076;;;OutsideCave;Outside;;;;;Gateway Data;;Gateway next to cave back entrance;;;;;;;;;;;;;;;;;;left_only
FA58;34.870723;32.350076;7.0;19.0;InCave;InCave;;;;;Weather Station;;Inside cave since 24.1. 12:52 -> WARNING: data maybe also on handhelds (activate, notsend, see 08_20220126_DataFromActivationDeactivationHandhelds);;;;;;;;;;;;;;;;;;left_only
FB2C;34.87049109950083;32.34994027774582;;;OutsideCave;Outside;;;;;Weather Station;;Outside cave in bush since 24.1. 12:52 -> WARNING: data maybe also on handhelds (activate, notsend, see 08_20220126_DataFromActivationDeactivationHandhelds);;;;;;;;;;;;;;;;;;left_only
FAFC;34.870723;32.350076;0.0;27.9;InCave;InCave;;;;;Weather Station;;In cave (newly placed on 30.1.23 at 11:00 local time);;;;;;;;;;;;;;;;;;left_only
F8F8;34.870723;32.350076;9.2;29.1;InCave;InCave;;;;;Weather Station;;In cave (newly placed on 30.1.23 at 11:00 local time);;;;;;;;;;;;;;;;;;left_only
F8C8;34.870723;32.350076;0.0;15.2;InCave;InCave;;;;;Weather Station;;In cave (newly placed on 30.1.23 at 11:00 local time);;;;;;;;;;;;;;;;;;left_only
FF10;34.870723;32.350076;9.2;14.0;InCave;InCave;;;;;Weather Station;;In cave (newly placed on 30.1.23 at 11:00 local time);;;;;;;;;;;;;;;;;;left_only
F81C;34.870723;32.350076;0.0;0.0;InCave;InCave;;;;;Weather Station;;In cave (newly placed on 30.1.23 at 11:00 local time);;;;;;;;;;;;;;;;;;left_only
FAC8;34.870723;32.350076;9.2;0.0;InCave;InCave;;;;;Weather Station;;In cave (newly placed on 30.1.23 at 11:00 local time);;;;;;;;;;;;;;;;;;left_only
27B0;;;;;;;;;;;Test Gateway;;All tags receive this in the beginning (activation gateway used with phone?);;;;;;;;;;;;;;;;;;left_only
F9FC;;;;;;;;;;;;;;;S54;989001044396456.0;170.0;40.0;130.0;F;97.51;A;PLAC;2.0;;;N;;;456.0;right_only
F908;;;;;;;;;;;;;;;B65;989001044396540.0;210.0;45.0;165.0;M;96.88;A;SCR;0.5;23.3;21.1;;;;540.0;right_only
;;;;;;;;;;;;;;;E10;989001044396477.0;130.0;40.0;90.0;M;85.01;J;NR;;;;;;;477.0;right_only
;;;;;;;;;;;;;;;E6;989001044396487.0;110.0;40.0;70.0;F;77.29;J;NULLI;;;;Y;;;487.0;right_only
;;;;;;;;;;;;;;;S78;989001044396551.0;145.0;80.0;65.0;F;76.15;J;NULLI;;;;;;;551.0;right_only
;;;;;;;;;;;;;;;S4;989001044396520.0;140.0;40.0;100.0;F;;J;NULLI;;;;;;;520.0;right_only
0900;;;;;;;;;;;;;;;B77;989001044396536.0;210.0;45.0;165.0;M;95.5;A;SCR;;19.5;20.3;;;;536.0;right_only